train_RMSE,test_RMSE
4793.159302125444,4738.4332331022515
4152.138454466963,4356.259349762987
4103.3399047065,4082.580949370289
3034.930761536372,3628.1992709505566
3495.715686501411,3788.791841510036
2888.9329106708915,3584.381687726303
